<?xml version="1.0" ?>
<commands>
    <Sensor_Core_Parameters>
        <BIAS_PD>
            <address_high>0</address_high>
            <value_high>1</value_high>
            <address_low>1</address_low>
            <value_low>236</value_low>
            <min>0</min>
            <max>1023</max>
        </BIAS_PD>
        <BIAS_EVT_VL>
            <address_high>2</address_high>
            <value_high>1</value_high>
            <address_low>3</address_low>
            <value_low>85</value_low>
            <min>0</min>
            <max>1023</max>
        </BIAS_EVT_VL>
        <BIAS_EVT_DC>
            <address_high>4</address_high>
            <value_high>2</value_high>
            <address_low>5</address_low>
            <value_low>0</value_low>
            <min>0</min>
            <max>1023</max>
        </BIAS_EVT_DC>
        <BIAS_EVT_VH>
            <address_high>6</address_high>
            <value_high>2</value_high>
            <address_low>7</address_low>
            <value_low>171</value_low>
            <min>0</min>
            <max>1023</max>
        </BIAS_EVT_VH>
        <BIAS_C1>
            <address_high>8</address_high>
            <value_high>0</value_high>
            <address_low>9</address_low>
            <value_low>145</value_low>
            <min>0</min>
            <max>1023</max>
        </BIAS_C1>
        <BIAS_C2>
            <address_high>10</address_high>
            <value_high>3</value_high>
            <address_low>11</address_low>
            <value_low>51</value_low>
            <min>0</min>
            <max>1023</max>
        </BIAS_C2>
        <BIAS_C3>
            <address_high>12</address_high>
            <value_high>0</value_high>
            <address_low>13</address_low>
            <value_low>135</value_low>
            <min>0</min>
            <max>1023</max>
        </BIAS_C3>
        <BIAS_RAMPN>
            <address_high>14</address_high>
            <value_high>1</value_high>
            <address_low>15</address_low>
            <value_low>114</value_low>
            <min>0</min>
            <max>1023</max>
        </BIAS_RAMPN>
        <BIAS_RAMPP>
            <address_high>16</address_high>
            <value_high>2</value_high>
            <address_low>17</address_low>
            <value_low>238</value_low>
            <min>0</min>
            <max>1023</max>
        </BIAS_RAMPP>
        <PXL_BUF_TRIM>
            <address_high>18</address_high>
            <value_high>23</value_high>
            <min>0</min>
            <max>255</max>
        </PXL_BUF_TRIM>
        <BIAS_BRT_T>
            <address_high>20</address_high>
            <value_high>0</value_high>
            <address_low>21</address_low>
            <value_low>225</value_low>
            <min>0</min>
            <max>1023</max>
        </BIAS_BRT_T>
        <BIAS_BRT_I>
            <address_high>22</address_high>
            <value_high>0</value_high>
            <address_low>23</address_low>
            <value_low>140</value_low>
            <min>0</min>
            <max>1023</max>
        </BIAS_BRT_I>
        <BIAS_ADVH_T>
            <address_high>24</address_high>
            <value_high>3</value_high>
            <address_low>25</address_low>
            <value_low>51</value_low>
            <min>0</min>
            <max>1023</max>
        </BIAS_ADVH_T>
        <BIAS_ADVH_I>
            <address_high>26</address_high>
            <value_high>2</value_high>
            <address_low>27</address_low>
            <value_low>168</value_low>
            <min>0</min>
            <max>1023</max>
        </BIAS_ADVH_I>
        <BIAS_ADVL_T>
            <address_high>28</address_high>
            <value_high>0</value_high>
            <address_low>29</address_low>
            <value_low>164</value_low>
            <min>0</min>
            <max>1023</max>
        </BIAS_ADVL_T>
        <BIAS_ADVL_I>
            <address_high>30</address_high>
            <value_high>1</value_high>
            <address_low>31</address_low>
            <value_low>128</value_low>
            <min>0</min>
            <max>1023</max>
        </BIAS_ADVL_I>
        <BIAS_ADVCH_T>
            <address_high>32</address_high>
            <value_high>2</value_high>
            <address_low>33</address_low>
            <value_low>61</value_low>
            <min>0</min>
            <max>1023</max>
        </BIAS_ADVCH_T>
        <BIAS_ADVCH_I>
            <address_high>34</address_high>
            <value_high>2</value_high>
            <address_low>35</address_low>
            <value_low>57</value_low>
            <min>0</min>
            <max>1023</max>
        </BIAS_ADVCH_I>
        <BIAS_ADVCL_T>
            <address_high>36</address_high>
            <value_high>1</value_high>
            <address_low>37</address_low>
            <value_low>154</value_low>
            <min>0</min>
            <max>1023</max>
        </BIAS_ADVCL_T>
        <BIAS_ADVCL_I>
            <address_high>38</address_high>
            <value_high>1</value_high>
            <address_low>39</address_low>
            <value_low>239</value_low>
            <min>0</min>
            <max>1023</max>
        </BIAS_ADVCL_I>
        <BIAS_VCM_T>
            <address_high>40</address_high>
            <value_high>1</value_high>
            <address_low>41</address_low>
            <value_low>236</value_low>
            <min>0</min>
            <max>1023</max>
        </BIAS_VCM_T>
        <BIAS_VCM_I>
            <address_high>42</address_high>
            <value_high>2</value_high>
            <address_low>43</address_low>
            <value_low>20</value_low>
            <min>0</min>
            <max>1023</max>
        </BIAS_VCM_I>
        <ROW_ENABLE>
            <address_high>44</address_high>
            <value_high>0</value_high>
            <min>0</min>
            <max>255</max>
        </ROW_ENABLE>
        <COL_GAIN>
            <address_high>45</address_high>
            <value_high>1</value_high>
            <min>0</min>
            <max>3</max>
        </COL_GAIN>
        <COL_BUF_TRIM>
            <address_high>46</address_high>
            <value_high>23</value_high>
            <min>0</min>
            <max>63</max>
        </COL_BUF_TRIM>
    </Sensor_Core_Parameters>
    <Sensor_Operation_Mode_Control_Parameters>
        <SWITCH_RESET_GAP1>
            <address_high>50</address_high>
            <value_high>200</value_high>
            <min>0</min>
            <max>255</max>
        </SWITCH_RESET_GAP1>
        <SWITCH_RESET_GAP2>
            <address_high>51</address_high>
            <value_high>250</value_high>
            <min>0</min>
            <max>255</max>
        </SWITCH_RESET_GAP2>
        <SWITCH_RESET_GAP3>
            <address_high>52</address_high>
            <value_high>200</value_high>
            <min>0</min>
            <max>255</max>
        </SWITCH_RESET_GAP3>
        <SENSOR_MODE_1>
            <address_high>53</address_high>
            <value_high>0</value_high>
            <min>0</min>
            <max>7</max>
        </SENSOR_MODE_1>
        <SENSOR_MODE_2>
            <address_high>54</address_high>
            <value_high>3</value_high>
            <min>0</min>
            <max>7</max>
        </SENSOR_MODE_2>
        <SENSOR_MODE_3>
            <address_high>55</address_high>
            <value_high>4</value_high>
            <min>0</min>
            <max>7</max>
        </SENSOR_MODE_3>
        <EVENT_DURATION>
            <address_high>58</address_high>
            <value_high>0</value_high>
            <address_low>57</address_low>
            <value_low>20</value_low>
            <min>0</min>
            <max>1023</max>
        </EVENT_DURATION>
        <PICTURE_NUMBER_1>
            <address_high>59</address_high>
            <value_high>1</value_high>
            <min>0</min>
            <max>255</max>
        </PICTURE_NUMBER_1>
        <PICTURE_NUMBER_2>
            <address_high>60</address_high>
            <value_high>1</value_high>
            <min>0</min>
            <max>255</max>
        </PICTURE_NUMBER_2>
        <PICTURE_NUMBER_3>
            <address_high>61</address_high>
            <value_high>1</value_high>
            <min>0</min>
            <max>255</max>
        </PICTURE_NUMBER_3>
        <PICTURE_NUMBER_4>
            <address_high>62</address_high>
            <value_high>3</value_high>
            <min>0</min>
            <max>255</max>
        </PICTURE_NUMBER_4>
        <PICTURE_NUMBER_5>
            <address_high>63</address_high>
            <value_high>3</value_high>
            <min>0</min>
            <max>255</max>
        </PICTURE_NUMBER_5>
        <SENSOR_MODE_SELECT>
            <address_high>64</address_high>
            <value_high>0</value_high>
            <min>0</min>
            <max>1</max>
        </SENSOR_MODE_SELECT>
    </Sensor_Operation_Mode_Control_Parameters>
    <Sensor_Data_Transfer_Parameters>
        <EXTERNAL_DATA>
            <address_high>70</address_high>
            <value_high>0</value_high>
            <address_middle>71</address_middle>
            <value_middle>0</value_middle>
            <address_low>72</address_low>
            <value_low>0</value_low>
            <min>0</min>
            <max>4194303</max>
        </EXTERNAL_DATA>
        <EVENT_PACKET_SELECT>
            <address_high>73</address_high>
            <value_high>2</value_high>
            <min>0</min>
            <max>3</max>
        </EVENT_PACKET_SELECT>
        <MIPI_PIXEL_NUM_EVENT>
            <address_high>74</address_high>
            <value_high>254</value_high>
            <min>0</min>
            <max>255</max>
        </MIPI_PIXEL_NUM_EVENT>
        <ADC_RESOLUTION_SEL>
            <address_high>75</address_high>
            <value_high>1</value_high>
            <min>0</min>
            <max>1</max>
        </ADC_RESOLUTION_SEL>
        <MIPI_PIXEL_NUM_FRAME>
            <address_high>76</address_high>
            <value_high>5</value_high>
            <address_low>77</address_low>
            <value_low>0</value_low>
            <min>0</min>
            <max>32767</max>
        </MIPI_PIXEL_NUM_FRAME>
        <MIPI_DATA_SOURCE_SELECT>
            <address_high>78</address_high>
            <value_high>1</value_high>
            <min>0</min>
            <max>1</max>
        </MIPI_DATA_SOURCE_SELECT>
        <MIPI_ROW_NUM_EVENT>
            <address_high>79</address_high>
            <value_high>0</value_high>
            <address_low>80</address_low>
            <value_low>200</value_low>
            <min>0</min>
            <max>65535</max>
        </MIPI_ROW_NUM_EVENT>
        <MIPI_VIR_CHANNEL_ID>
            <address_high>81</address_high>
            <value_high>0</value_high>
            <min>0</min>
            <max>63</max>
        </MIPI_VIR_CHANNEL_ID>
        <MIPI_HD_GAP_FULLFRAME>
            <address_high>82</address_high>
            <value_high>2</value_high>
            <address_low>83</address_low>
            <value_low>208</value_low>
            <min>0</min>
            <max>2047</max>
        </MIPI_HD_GAP_FULLFRAME>
        <MIPI_HD_GAP_EVENT>
            <address_high>84</address_high>
            <value_high>2</value_high>
            <address_low>85</address_low>
            <value_low>168</value_low>
            <min>0</min>
            <max>2047</max>
        </MIPI_HD_GAP_EVENT>
        <MIPI_GAP_EOF_SOF>
            <address_high>86</address_high>
            <value_high>5</value_high>
            <address_low>87</address_low>
            <value_low>20</value_low>
            <min>0</min>
            <max>2047</max>
        </MIPI_GAP_EOF_SOF>
    </Sensor_Data_Transfer_Parameters>
    <Sensor_Basic_Control_Parameters>
        <SOFT_RESET>
            <address_high>90</address_high>
            <value_high>1</value_high>
            <min>0</min>
            <max>1</max>
        </SOFT_RESET>
        <TEST1_SEL>
            <address_high>91</address_high>
            <value_high>3</value_high>
            <min>0</min>
            <max>15</max>
        </TEST1_SEL>
        <FMEND_EN>
            <address_high>92</address_high>
            <value_high>3</value_high>
            <min>0</min>
            <max>15</max>
        </FMEND_EN>
        <SOFT_TRIGGER>
            <address_high>93</address_high>
            <value_high>0</value_high>
            <min>0</min>
            <max>1</max>
        </SOFT_TRIGGER>
        <PADDR_EN>
            <address_high>94</address_high>
            <value_high>0</value_high>
            <min>0</min>
            <max>1</max>
        </PADDR_EN>
    </Sensor_Basic_Control_Parameters>
    <MIPI_Parameters>
        <MIPI_LANE_NUMBER>
            <address_high>100</address_high>
            <value_high>1</value_high>
            <min>0</min>
            <max>3</max>
        </MIPI_LANE_NUMBER>
        <MIPI_PAR_PIXEL_NUMBER>
            <address_high>102</address_high>
            <value_high>2</value_high>
            <min>0</min>
            <max>3</max>
        </MIPI_PAR_PIXEL_NUMBER>
        <MIPI_HS_CK_KEEP>
            <address_high>103</address_high>
            <value_high>1</value_high>
            <min>0</min>
            <max>1</max>
        </MIPI_HS_CK_KEEP>
        <MIPI_LP_PM_CHANGE>
            <address_high>104</address_high>
            <value_high>0</value_high>
            <min>0</min>
            <max>1</max>
        </MIPI_LP_PM_CHANGE>
        <MIPI_T_LPX>
            <address_high>105</address_high>
            <value_high>10</value_high>
            <min>0</min>
            <max>63</max>
        </MIPI_T_LPX>
        <MIPI_T_CLK_PREPARE>
            <address_high>106</address_high>
            <value_high>8</value_high>
            <min>0</min>
            <max>63</max>
        </MIPI_T_CLK_PREPARE>
        <MIPI_T_CLK_ZERO>
            <address_high>107</address_high>
            <value_high>40</value_high>
            <min>0</min>
            <max>63</max>
        </MIPI_T_CLK_ZERO>
        <MIPI_T_HS_PREPARE>
            <address_high>108</address_high>
            <value_high>8</value_high>
            <min>0</min>
            <max>63</max>
        </MIPI_T_HS_PREPARE>
        <MIPI_T_HS_ZERO>
            <address_high>109</address_high>
            <value_high>8</value_high>
            <min>0</min>
            <max>63</max>
        </MIPI_T_HS_ZERO>
        <MIPI_T_HS_SOT>
            <address_high>110</address_high>
            <value_high>8</value_high>
            <min>0</min>
            <max>63</max>
        </MIPI_T_HS_SOT>
        <MIPI_T_HS_EOT>
            <address_high>111</address_high>
            <value_high>12</value_high>
            <min>0</min>
            <max>63</max>
        </MIPI_T_HS_EOT>
        <MIPI_T_CLK_EOT>
            <address_high>112</address_high>
            <value_high>10</value_high>
            <min>0</min>
            <max>63</max>
        </MIPI_T_CLK_EOT>
        <MIPI_PLL_DIV_I>
            <address_high>113</address_high>
            <value_high>3</value_high>
            <min>0</min>
            <max>3</max>
        </MIPI_PLL_DIV_I>
        <MIPI_PLL_DIV_N>
            <address_high>115</address_high>
            <value_high>0</value_high>
            <address_low>114</address_low>
            <value_low>96</value_low>
            <min>0</min>
            <max>511</max>
        </MIPI_PLL_DIV_N>
        <MIPI_PLL_DIV_A>
            <address_high>116</address_high>
            <value_high>2</value_high>
            <min>0</min>
            <max>3</max>
        </MIPI_PLL_DIV_A>
        <MIPI_PLL_DIV_B>
            <address_high>117</address_high>
            <value_high>0</value_high>
            <min>0</min>
            <max>1</max>
        </MIPI_PLL_DIV_B>
        <MIPI_PLL_CP>
            <address_high>118</address_high>
            <value_high>0</value_high>
            <min>0</min>
            <max>3</max>
        </MIPI_PLL_CP>
        <MIPI_TST_AN>
            <address_high>119</address_high>
            <value_high>0</value_high>
            <min>0</min>
            <max>7</max>
        </MIPI_TST_AN>
        <MIPI_IREFTRM>
            <address_high>120</address_high>
            <value_high>0</value_high>
            <min>0</min>
            <max>63</max>
        </MIPI_IREFTRM>
        <MIPI_PE>
            <address_high>121</address_high>
            <value_high>2</value_high>
            <min>0</min>
            <max>3</max>
        </MIPI_PE>
        <MIPI_ZUP>
            <address_high>122</address_high>
            <value_high>0</value_high>
            <min>0</min>
            <max>1</max>
        </MIPI_ZUP>
        <MIPI_ZDN>
            <address_high>123</address_high>
            <value_high>0</value_high>
            <min>0</min>
            <max>1</max>
        </MIPI_ZDN>
        <MIPI_CK_EDG>
            <address_high>124</address_high>
            <value_high>0</value_high>
            <min>0</min>
            <max>1</max>
        </MIPI_CK_EDG>
        <MIPI_CK_PN>
            <address_high>126</address_high>
            <value_high>0</value_high>
            <min>0</min>
            <max>1</max>
        </MIPI_CK_PN>
        <MIPI_D0_PN>
            <address_high>127</address_high>
            <value_high>0</value_high>
            <min>0</min>
            <max>1</max>
        </MIPI_D0_PN>
        <MIPI_D1_PN>
            <address_high>128</address_high>
            <value_high>0</value_high>
            <min>0</min>
            <max>1</max>
        </MIPI_D1_PN>
        <MIPI_PLDN_CK>
            <address_high>129</address_high>
            <value_high>0</value_high>
            <min>0</min>
            <max>1</max>
        </MIPI_PLDN_CK>
        <MIPI_PLDN_D0>
            <address_high>130</address_high>
            <value_high>0</value_high>
            <min>0</min>
            <max>1</max>
        </MIPI_PLDN_D0>
        <MIPI_PLDN_D1>
            <address_high>131</address_high>
            <value_high>0</value_high>
            <min>0</min>
            <max>1</max>
        </MIPI_PLDN_D1>
        <MIPI_PWDNB_CK>
            <address_high>132</address_high>
            <value_high>1</value_high>
            <min>0</min>
            <max>1</max>
        </MIPI_PWDNB_CK>
        <MIPI_PWDNB_D0>
            <address_high>133</address_high>
            <value_high>1</value_high>
            <min>0</min>
            <max>1</max>
        </MIPI_PWDNB_D0>
        <MIPI_PWDNB_D1>
            <address_high>134</address_high>
            <value_high>1</value_high>
            <min>0</min>
            <max>1</max>
        </MIPI_PWDNB_D1>
        <MIPI_DLY_CK>
            <address_high>135</address_high>
            <value_high>0</value_high>
            <min>0</min>
            <max>3</max>
        </MIPI_DLY_CK>
        <MIPI_DLY_D0>
            <address_high>136</address_high>
            <value_high>0</value_high>
            <min>0</min>
            <max>3</max>
        </MIPI_DLY_D0>
        <MIPI_DLY_D1>
            <address_high>137</address_high>
            <value_high>0</value_high>
            <min>0</min>
            <max>3</max>
        </MIPI_DLY_D1>
        <MIPI_TSTTX>
            <address_high>138</address_high>
            <value_high>0</value_high>
            <min>0</min>
            <max>3</max>
        </MIPI_TSTTX>
        <MIPI_T_CLK_PRE>
            <address_high>145</address_high>
            <value_high>15</value_high>
            <min>0</min>
            <max>63</max>
        </MIPI_T_CLK_PRE>
        <MIPI_T_CLK_POST>
            <address_high>146</address_high>
            <value_high>9</value_high>
            <min>0</min>
            <max>63</max>
        </MIPI_T_CLK_POST>
    </MIPI_Parameters>
    <PLL_Parameters>
        <PLL_PD_B>
            <address_high>150</address_high>
            <value_high>0</value_high>
            <min>0</min>
            <max>1</max>
        </PLL_PD_B>
        <PLL_FOUT_DIV1>
            <address_high>151</address_high>
            <value_high>0</value_high>
            <min>0</min>
            <max>3</max>
        </PLL_FOUT_DIV1>
        <PLL_FOUT_DIV2>
            <address_high>152</address_high>
            <value_high>3</value_high>
            <min>0</min>
            <max>3</max>
        </PLL_FOUT_DIV2>
        <PLL_FOUT_DIV3>
            <address_high>153</address_high>
            <value_high>15</value_high>
            <min>0</min>
            <max>15</max>
        </PLL_FOUT_DIV3>
        <PLL_FOUT_DIV4>
            <address_high>154</address_high>
            <value_high>15</value_high>
            <min>0</min>
            <max>31</max>
        </PLL_FOUT_DIV4>
        <PLL_FOUT1_EN>
            <address_high>155</address_high>
            <value_high>1</value_high>
            <min>0</min>
            <max>1</max>
        </PLL_FOUT1_EN>
        <PLL_FOUT2_EN>
            <address_high>156</address_high>
            <value_high>1</value_high>
            <min>0</min>
            <max>1</max>
        </PLL_FOUT2_EN>
        <PLL_FOUT3_EN>
            <address_high>157</address_high>
            <value_high>1</value_high>
            <min>0</min>
            <max>1</max>
        </PLL_FOUT3_EN>
        <PLL_FOUT4_EN>
            <address_high>158</address_high>
            <value_high>1</value_high>
            <min>0</min>
            <max>1</max>
        </PLL_FOUT4_EN>
        <PLL_DIV_N>
            <address_high>159</address_high>
            <value_high>15</value_high>
            <min>12</min>
            <max>127</max>
        </PLL_DIV_N>
        <PLL_DIV_L>
            <address_high>160</address_high>
            <value_high>2</value_high>
            <min>0</min>
            <max>15</max>
        </PLL_DIV_L>
        <PLL_CKCFG>
            <address_high>161</address_high>
            <value_high>0</value_high>
            <min>0</min>
            <max>1</max>
        </PLL_CKCFG>
        <PLL_BIAS_SEL>
            <address_high>162</address_high>
            <value_high>1</value_high>
            <min>0</min>
            <max>1</max>
        </PLL_BIAS_SEL>
        <PLL_IB_TRIM>
            <address_high>163</address_high>
            <value_high>14</value_high>
            <min>0</min>
            <max>15</max>
        </PLL_IB_TRIM>
        <PLL_CTRIM>
            <address_high>164</address_high>
            <value_high>14</value_high>
            <min>0</min>
            <max>15</max>
        </PLL_CTRIM>
        <PLL_NCTRL>
            <address_high>165</address_high>
            <value_high>3</value_high>
            <min>0</min>
            <max>3</max>
        </PLL_NCTRL>
        <PLL_R_TRIM>
            <address_high>166</address_high>
            <value_high>3</value_high>
            <min>0</min>
            <max>7</max>
        </PLL_R_TRIM>
        <PLL_FORCE_LOCK>
            <address_high>167</address_high>
            <value_high>0</value_high>
            <min>0</min>
            <max>1</max>
        </PLL_FORCE_LOCK>
        <PLL_LOCK_EN>
            <address_high>168</address_high>
            <value_high>1</value_high>
            <min>0</min>
            <max>1</max>
        </PLL_LOCK_EN>
        <PLL_FOUT3_POST_DIV>
            <address_high>169</address_high>
            <value_high>30</value_high>
            <min>0</min>
            <max>255</max>
        </PLL_FOUT3_POST_DIV>
        <PLL_FOUT4_POST_DIV>
            <address_high>170</address_high>
            <value_high>3</value_high>
            <address_low>171</address_low>
            <value_low>255</value_low>
            <min>0</min>
            <max>1023</max>
        </PLL_FOUT4_POST_DIV>
        <PLL_POST_DIV_RESET>
            <address_high>172</address_high>
            <value_high>0</value_high>
            <min>0</min>
            <max>1</max>
        </PLL_POST_DIV_RESET>
    </PLL_Parameters>
    <Anti_Flashlight_Parameters>
        <FLICKER_RESET_TIME1>
            <address_high>180</address_high>
            <value_high>100</value_high>
            <min>0</min>
            <max>255</max>
        </FLICKER_RESET_TIME1>
        <FLICKER_RESET_TIME2>
            <address_high>181</address_high>
            <value_high>200</value_high>
            <min>0</min>
            <max>255</max>
        </FLICKER_RESET_TIME2>
        <FLICKER_DETECT_PERIOD>
            <address_high>182</address_high>
            <value_high>200</value_high>
            <min>0</min>
            <max>255</max>
        </FLICKER_DETECT_PERIOD>
        <FLICKER_DETECT_EN>
            <address_high>183</address_high>
            <value_high>0</value_high>
            <min>0</min>
            <max>1</max>
        </FLICKER_DETECT_EN>
    </Anti_Flashlight_Parameters>
    <Auto_ISP_Parameters>
        <AUTOISP_PROFILE_ADDR>
            <address_high>220</address_high>
            <value_high>0</value_high>
            <min>0</min>
            <max>15</max>
        </AUTOISP_PROFILE_ADDR>
        <AUTOISP_BRT_EN>
            <address_high>221</address_high>
            <value_high>0</value_high>
            <min>0</min>
            <max>1</max>
        </AUTOISP_BRT_EN>
        <AUTOISP_TEM_EN>
            <address_high>222</address_high>
            <value_high>0</value_high>
            <min>0</min>
            <max>1</max>
        </AUTOISP_TEM_EN>
        <AUTOISP_TRIGGER>
            <address_high>223</address_high>
            <value_high>1</value_high>
            <min>0</min>
            <max>1</max>
        </AUTOISP_TRIGGER>
        <AUTOISP_REFRESH_TIME>
            <address_high>225</address_high>
            <value_high>15</value_high>
            <address_low>224</address_low>
            <value_low>255</value_low>
            <min>0</min>
            <max>4095</max>
        </AUTOISP_REFRESH_TIME>
        <AUTOISP_TEM_THRES1>
            <address_high>227</address_high>
            <value_high>4</value_high>
            <address_low>226</address_low>
            <value_low>0</value_low>
            <min>0</min>
            <max>4095</max>
        </AUTOISP_TEM_THRES1>
        <AUTOISP_TEM_THRES2>
            <address_high>229</address_high>
            <value_high>8</value_high>
            <address_low>228</address_low>
            <value_low>0</value_low>
            <min>0</min>
            <max>4095</max>
        </AUTOISP_TEM_THRES2>
        <AUTOISP_TEM_THRES3>
            <address_high>231</address_high>
            <value_high>12</value_high>
            <address_low>230</address_low>
            <value_low>0</value_low>
            <min>0</min>
            <max>4095</max>
        </AUTOISP_TEM_THRES3>
        <AUTOISP_BRT_VALUE>
            <address_high>233</address_high>
            <value_high>8</value_high>
            <address_low>232</address_low>
            <value_low>0</value_low>
            <min>0</min>
            <max>4095</max>
        </AUTOISP_BRT_VALUE>
        <AUTOISP_BRT_THRES1>
            <address_high>235</address_high>
            <value_high>4</value_high>
            <address_low>234</address_low>
            <value_low>0</value_low>
            <min>0</min>
            <max>4095</max>
        </AUTOISP_BRT_THRES1>
        <AUTOISP_BRT_THRES2>
            <address_high>237</address_high>
            <value_high>8</value_high>
            <address_low>236</address_low>
            <value_low>0</value_low>
            <min>0</min>
            <max>4095</max>
        </AUTOISP_BRT_THRES2>
        <AUTOISP_BRT_THRES3>
            <address_high>239</address_high>
            <value_high>12</value_high>
            <address_low>238</address_low>
            <value_low>0</value_low>
            <min>0</min>
            <max>4095</max>
        </AUTOISP_BRT_THRES3>
    </Auto_ISP_Parameters>
</commands>
